date,rank,id,brand,name,currency,priceNum,price,originalPriceNum,originalPrice,badge,reviewCount,link
"2026-09-04","0","1124698946","Dr. Althea","345 Relief Cream","USD","22.95","US$ 22.95","27","US$ 27.00","#1","30323","https://www.yesstyle.com/en/dr-althea-345-relief-cream-renewed-50ml/info.html/pid.1124698946"
"2026-09-04","1","1137908658","Beauty of Joseon","Relief Sun: Rice + Probiotics","USD","14.4","US$ 14.40","18","US$ 18.00","#2","27728","https://www.yesstyle.com/en/beauty-of-joseon-relief-sun-rice-probiotics-50ml/info.html/pid.1137908658"
"2026-09-04","2","1121503383","SKIN1004","Madagascar Centella Hyalu-Cica Water-Fit Sun Serum Twin Pack","USD","18.41","US$ 18.41","25.5","US$ 25.50","#3","29914","https://www.yesstyle.com/en/skin1004-madagascar-centella-hyalu-cica-water-fit-sun-serum-twin-pack/info.html/pid.1121503383"
"2026-09-04","3","1136792645","NINELESS","My Fit Sheet Mask 1 sheet - 7 Types","USD","0.98","US$ 0.98","5.76","US$ 5.76","#4","772","https://www.yesstyle.com/en/nineless-my-fit-sheet-mask-1-sheet-7-types-no-1-azelaic-acid/info.html/pid.1136792645"
"2026-09-04","4","1130222654","Beauty of Joseon","Relief Sun Aqua-fresh","USD","14.4","US$ 14.40","18","US$ 18.00","#5","8883","https://www.yesstyle.com/en/beauty-of-joseon-relief-sun-aqua-fresh-50ml/info.html/pid.1130222654"
"2026-09-04","5","1130946339","celimax","The Vita-A Retinal Shot Tightening Booster","USD","21.6","US$ 21.60","24","US$ 24.00","#6","17062","https://www.yesstyle.com/en/celimax-the-vita-a-retinal-shot-tightening-booster-15ml/info.html/pid.1130946339"
"2026-09-04","6","1120355496","Mary&May","Tranexamic Acid + Glutathione Eye Cream Mini","USD","2.6","US$ 2.60","4.1","US$ 4.10","#7","10383","https://www.yesstyle.com/en/mary-may-tranexamic-acid-glutathione-eye-cream-mini-12g/info.html/pid.1120355496"
"2026-09-04","7","1132449411","Anua","Azelaic Acid 10 Hyaluron Redness Soothing Serum","USD","22","US$ 22.00","0","","#8","11244","https://www.yesstyle.com/en/anua-azelaic-acid-10-hyaluron-redness-soothing-serum-30ml/info.html/pid.1132449411"
"2026-09-04","8","1113888108","SKIN1004","Madagascar Centella Hyalu-Cica Water-Fit Sun Serum","USD","10","US$ 10.00","15.2","US$ 15.20","#9","34586","https://www.yesstyle.com/en/skin1004-madagascar-centella-hyalu-cica-water-fit-sun-serum-50ml/info.html/pid.1113888108"
"2026-09-04","9","1129733663","Purito SEOUL","Mighty Bamboo Panthenol Cream","USD","16.1","US$ 16.10","23","US$ 23.00","#10","20468","https://www.yesstyle.com/en/purito-seoul-mighty-bamboo-panthenol-cream-100ml/info.html/pid.1129733663"
"2026-09-04","10","1136616200","Arencia","Vitamin C Booster Shot","USD","21.6","US$ 21.60","24","US$ 24.00","#11","6484","https://www.yesstyle.com/en/arencia-vitamin-c-booster-shot-30ml/info.html/pid.1136616200"
"2026-09-04","11","1124536886","APLB","Glutathione Niacinamide Sheet Mask","USD","0.98","US$ 0.98","4.26","US$ 4.26","#12","12333","https://www.yesstyle.com/en/aplb-glutathione-niacinamide-sheet-mask-25ml/info.html/pid.1124536886"
"2026-09-04","12","1129356823","SKIN1004","Madagascar Centella Hyalu-Cica Water-Fit Sun Serum Jumbo","USD","19.11","US$ 19.11","23.6","US$ 23.60","#13","8790","https://www.yesstyle.com/en/skin1004-madagascar-centella-hyalu-cica-water-fit-sun-serum-jumbo/info.html/pid.1129356823"
"2026-09-04","13","1135801052","Dr. Althea","345 Relief Cream Mist","USD","16.92","US$ 16.92","19.9","US$ 19.90","#14","5178","https://www.yesstyle.com/en/dr-althea-345-relief-cream-mist-100ml/info.html/pid.1135801052"
"2026-09-04","14","1133472805","APLB","Collagen EGF Peptide Sheet Mask","USD","0.98","US$ 0.98","4.26","US$ 4.26","#15","4597","https://www.yesstyle.com/en/aplb-collagen-egf-peptide-sheet-mask-25ml/info.html/pid.1133472805"
"2026-09-04","15","1132942898","Anua","Niacinamide 10 TXA 4 Serum","USD","22","US$ 22.00","0","","#16","15768","https://www.yesstyle.com/en/anua-niacinamide-10-txa-4-serum-2024-version-30ml/info.html/pid.1132942898"
"2026-09-04","16","1077182361","SKIN1004","Madagascar Centella Light Cleansing Oil","USD","13","US$ 13.00","20.2","US$ 20.20","#17","23828","https://www.yesstyle.com/en/skin1004-madagascar-centella-light-cleansing-oil-200ml/info.html/pid.1077182361"
"2026-09-04","17","1105145092","Purito SEOUL","Oat-In Calming Gel Cream","USD","9.75","US$ 9.75","19.5","US$ 19.50","#18","12053","https://www.yesstyle.com/en/purito-seoul-oat-in-calming-gel-cream-100ml/info.html/pid.1105145092"
"2026-09-04","18","1122974582","ROUND LAB","Birch Juice Moisturizing Sunscreen","USD","19.6","US$ 19.60","28","US$ 28.00","#19","11260","https://www.yesstyle.com/en/round-lab-birch-juice-moisturizing-sunscreen-50ml/info.html/pid.1122974582"
"2026-09-04","19","1074113181","ROUND LAB","1025 Dokdo Cleanser","USD","12","US$ 12.00","15.7","US$ 15.70","#20","12394","https://www.yesstyle.com/en/round-lab-1025-dokdo-cleanser-150ml/info.html/pid.1074113181"
"2026-09-04","20","1052684647","COSRX","Acne Pimple Master Patch","USD","4.8","US$ 4.80","6","US$ 6.00","#21","43498","https://www.yesstyle.com/en/cosrx-acne-pimple-master-patch-24-patches/info.html/pid.1052684647"
"2026-09-04","21","1116073913","SKIN1004","Spot Cover Patch","USD","1.99","US$ 1.99","4.6","US$ 4.60","#22","2835","https://www.yesstyle.com/en/skin1004-spot-cover-patch-22-patches/info.html/pid.1116073913"
"2026-09-04","22","1077182367","SKIN1004","Madagascar Centella Ampoule Foam","USD","10","US$ 10.00","15.9","US$ 15.90","#23","13980","https://www.yesstyle.com/en/skin1004-madagascar-centella-ampoule-foam-125ml/info.html/pid.1077182367"
"2026-09-04","23","1118873672","Beauty of Joseon","Relief Sun Mini","USD","3.42","US$ 3.42","3.8","US$ 3.80","#24","5838","https://www.yesstyle.com/en/beauty-of-joseon-relief-sun-mini-10ml/info.html/pid.1118873672"
"2026-09-04","24","1067114916","SKIN1004","Madagascar Centella Asiatica 100 Ampoule","USD","15","US$ 15.00","23.4","US$ 23.40","#25","19872","https://www.yesstyle.com/en/skin1004-madagascar-centella-asiatica-100-ampoule-100ml/info.html/pid.1067114916"
"2026-09-04","25","1123474314","SKIN1004","Madagascar Centella Poremizing Quick Clay Stick Mask","USD","11.75","US$ 11.75","22","US$ 22.00","#26","20872","https://www.yesstyle.com/en/skin1004-madagascar-centella-poremizing-quick-clay-stick-mask-27g/info.html/pid.1123474314"
"2026-09-04","26","1134328488","Anua","PDRN Hyaluronic Acid 100 Moisturizing Cream","USD","19.2","US$ 19.20","24","US$ 24.00","#27","3352","https://www.yesstyle.com/en/anua-pdrn-hyaluronic-acid-100-moisturizing-cream-60ml/info.html/pid.1134328488"
"2026-09-04","27","1133472802","APLB","Retinol Vitamin C Vitamin E Sheet Mask","USD","0.98","US$ 0.98","4.26","US$ 4.26","#28","3370","https://www.yesstyle.com/en/aplb-retinol-vitamin-c-vitamin-e-sheet-mask-25ml/info.html/pid.1133472802"
"2026-09-04","28","1126837080","Shiseido","Fino Premium Touch Hair Mask","USD","11.62","US$ 11.62","16.6","US$ 16.60","#29","16689","https://www.yesstyle.com/en/shiseido-fino-premium-touch-hair-mask/info.html/pid.1126837080"
"2026-09-04","29","1129356822","SKIN1004","Madagascar Centella Double Cleansing Duo Set","USD","21","US$ 21.00","32.8","US$ 32.80","#30","14553","https://www.yesstyle.com/en/skin1004-madagascar-centella-double-cleansing-duo-set-2-pcs/info.html/pid.1129356822"
"2026-09-04","30","1135111653","medicube","Zero Pore Pad 2.0","USD","21.9","US$ 21.90","31","US$ 31.00","#31","6421","https://www.yesstyle.com/en/medicube-zero-pore-pad-2-0-70-pads/info.html/pid.1135111653"
"2026-09-04","31","1114255822","Beauty of Joseon","Revive Eye Serum","USD","11.9","US$ 11.90","17","US$ 17.00","#32","16082","https://www.yesstyle.com/en/beauty-of-joseon-revive-eye-serum-30ml/info.html/pid.1114255822"
"2026-09-04","32","1137955276","Dr. Althea","345 Relief Cream 2pcs Bundle Set","USD","45.9","US$ 45.90","54","US$ 54.00","#33","0","https://www.yesstyle.com/en/dr-althea-345-relief-cream-2pcs-bundle-set-renewed-50ml-x-2-pcs/info.html/pid.1137955276"
"2026-09-04","33","1134248364","Beauty of Joseon","YesStyle Exclusive Relief Sun Bundle Set","USD","26.46","US$ 26.46","40.7","US$ 40.70","#34","26958","https://www.yesstyle.com/en/beauty-of-joseon-yesstyle-exclusive-relief-sun-bundle-set-3-pcs/info.html/pid.1134248364"
"2026-09-04","34","1122993081","LION","Pair Acne Cream W","USD","9.28","US$ 9.28","11.6","US$ 11.60","#35","8955","https://www.yesstyle.com/en/lion-pair-acne-cream-w/info.html/pid.1122993081"
"2026-09-04","35","1107199865","SKIN1004","Madagascar Centella Tone Brightening Capsule Ampoule Jumbo","USD","14","US$ 14.00","21.6","US$ 21.60","#36","18494","https://www.yesstyle.com/en/skin1004-madagascar-centella-tone-brightening-capsule-ampoule-jumbo/info.html/pid.1107199865"
"2026-09-04","36","1133078347","Beauty of Joseon","Relief Sun Aqua-fresh Mini","USD","3.42","US$ 3.42","3.8","US$ 3.80","#37","2843","https://www.yesstyle.com/en/beauty-of-joseon-relief-sun-aqua-fresh-mini-10ml/info.html/pid.1133078347"
"2026-09-04","37","1137301407","SKIN1004","Lab in Nature Madagascar Centella Azelaic Acid 10 Ampoule","USD","13.39","US$ 13.39","24","US$ 24.00","#38","760","https://www.yesstyle.com/en/skin1004-lab-in-nature-madagascar-centella-azelaic-acid-10-ampoule/info.html/pid.1137301407"
"2026-09-04","38","1078919512","AXIS-Y","Dark Spot Correcting Glow Serum","USD","16.8","US$ 16.80","24","US$ 24.00","#39","13307","https://www.yesstyle.com/en/axis-y-dark-spot-correcting-glow-serum-50ml/info.html/pid.1078919512"
"2026-09-04","39","1126934079","KSECRET","SEOUL 1988 Serum : Retinal Liposome 2% + Black Ginseng","USD","15.4","US$ 15.40","22","US$ 22.00","#40","13636","https://www.yesstyle.com/en/ksecret-seoul-1988-serum-retinal-liposome-2-black-ginseng-30ml/info.html/pid.1126934079"
"2026-09-04","40","1132864358","numbuzin","No.9 NAD Bio Lifting-sil Essence","USD","23.1","US$ 23.10","33","US$ 33.00","#41","5237","https://www.yesstyle.com/en/numbuzin-no-9-nad-bio-lifting-sil-essence-50ml/info.html/pid.1132864358"
"2026-09-04","41","1129006061","Anua","Heartleaf Quercetinol Pore Deep Cleansing Foam","USD","14","US$ 14.00","17.7","US$ 17.70","#42","12062","https://www.yesstyle.com/en/anua-heartleaf-quercetinol-pore-deep-cleansing-foam-150ml/info.html/pid.1129006061"
"2026-09-04","42","1129886159","medicube","PDRN Pink Peptide Serum","USD","22.9","US$ 22.90","32","US$ 32.00","#43","7416","https://www.yesstyle.com/en/medicube-pdrn-pink-peptide-serum-30ml/info.html/pid.1129886159"
"2026-09-04","43","1136855059","Centellian24","Madeca Cream Time Reverse Zero 80ml","USD","31.5","US$ 31.50","35","US$ 35.00","#44","2020","https://www.yesstyle.com/en/centellian24-madeca-cream-time-reverse-zero-80ml-80ml/info.html/pid.1136855059"
"2026-09-04","44","1129917448","Anua","Rice 70 Glow Milky Toner","USD","21","US$ 21.00","25","US$ 25.00","#45","6257","https://www.yesstyle.com/en/anua-rice-70-glow-milky-toner-250ml/info.html/pid.1129917448"
"2026-09-04","45","1137028002","Dr. Althea","345 Relief Cream Mini","USD","8.42","US$ 8.42","9.9","US$ 9.90","#46","2526","https://www.yesstyle.com/en/dr-althea-345-relief-cream-mini-15ml/info.html/pid.1137028002"
"2026-09-04","46","1133472809","APLB","Tranexamic Acid Niacinamide Sheet Mask","USD","0.98","US$ 0.98","4.26","US$ 4.26","#47","2709","https://www.yesstyle.com/en/aplb-tranexamic-acid-niacinamide-sheet-mask-25ml/info.html/pid.1133472809"
"2026-09-04","47","1131427728","Dr. Althea","Vitamin C Boosting Serum","USD","23.25","US$ 23.25","27.35","US$ 27.35","#48","5529","https://www.yesstyle.com/en/dr-althea-vitamin-c-boosting-serum-30ml/info.html/pid.1131427728"
"2026-09-04","48","1135064250","numbuzin","No.9 NAD+ Retinol Volumetox Eye Cream","USD","15.8","US$ 15.80","21","US$ 21.00","#49","3107","https://www.yesstyle.com/en/numbuzin-no-9-nad-retinol-volumetox-eye-cream-10ml/info.html/pid.1135064250"
"2026-09-04","49","1134248257","Beauty of Joseon","YesStyle Exclusive Relief Sun Aqua-fresh Bundle Set","USD","25.87","US$ 25.87","39.8","US$ 39.80","#50","8882","https://www.yesstyle.com/en/beauty-of-joseon-yesstyle-exclusive-relief-sun-aqua-fresh-bundle-set/info.html/pid.1134248257"
"2026-09-04","50","1065077575","iUNIK","Beta-Glucan Power Moisture Serum","USD","15","US$ 15.00","21","US$ 21.00","#51","6869","https://www.yesstyle.com/en/iunik-beta-glucan-power-moisture-serum-50ml/info.html/pid.1065077575"
"2026-09-04","51","1129618340","Kisocare","Azelaic Acid Cream 20%","USD","11.36","US$ 11.36","14.2","US$ 14.20","#52","1234","https://www.yesstyle.com/en/kisocare-azelaic-acid-cream-20-20g/info.html/pid.1129618340"
"2026-09-04","52","1120208637","SKIN1004","Madagascar Centella Probio-Cica Enrich Cream","USD","12.99","US$ 12.99","19.2","US$ 19.20","#53","7966","https://www.yesstyle.com/en/skin1004-madagascar-centella-probio-cica-enrich-cream-50ml/info.html/pid.1120208637"
"2026-09-04","53","1122949317","APLB","Glutathione Niacinamide Body Lotion","USD","9.8","US$ 9.80","16.61","US$ 16.61","#54","9202","https://www.yesstyle.com/en/aplb-glutathione-niacinamide-body-lotion-300ml/info.html/pid.1122949317"
"2026-09-04","54","1137152615","epii","Double Up Cream Ectoin & Panthenol","USD","14.99","US$ 14.99","24.99","US$ 24.99","#55","1747","https://www.yesstyle.com/en/epii-double-up-cream-ectoin-panthenol-50ml/info.html/pid.1137152615"
"2026-09-04","55","1137372821","NIDA","Youthful Formula Ultimate Moisturizing Cream","USD","8.46","US$ 8.46","14.1","US$ 14.10","#56","896","https://www.yesstyle.com/en/nida-youthful-formula-ultimate-moisturizing-cream-100ml/info.html/pid.1137372821"
"2026-09-04","56","1057117741","The Saem","Cover Perfection Tip Concealer - 14 Colors","USD","5.59","US$ 5.59","6.99","US$ 6.99","#57","21146","https://www.yesstyle.com/en/the-saem-cover-perfection-tip-concealer-14-colors-03-tan/info.html/pid.1057117741"
"2026-09-04","57","1120888779","haruharu wonder","Black Rice Moisture Airyfit Sunscreen","USD","15.4","US$ 15.40","22","US$ 22.00","#58","5677","https://www.yesstyle.com/en/haruharu-wonder-black-rice-moisture-airyfit-sunscreen-50ml/info.html/pid.1120888779"
"2026-09-04","58","1052684695","COSRX","Advanced Snail 96 Mucin Power Essence","USD","20","US$ 20.00","25","US$ 25.00","#59","30449","https://www.yesstyle.com/en/cosrx-advanced-snail-96-mucin-power-essence-100ml/info.html/pid.1052684695"
"2026-09-04","59","1119999139","Abib","Collagen Eye Patch Jericho Rose Jelly","USD","16.1","US$ 16.10","23","US$ 23.00","#60","5218","https://www.yesstyle.com/en/abib-collagen-eye-patch-jericho-rose-jelly-60-pcs/info.html/pid.1119999139"
"2026-09-04","60","1123535471","House of Hur","Weightless Sun Fluid","USD","15.2","US$ 15.20","19","US$ 19.00","#61","3335","https://www.yesstyle.com/en/house-of-hur-weightless-sun-fluid-50ml/info.html/pid.1123535471"
"2026-09-04","61","1137389052","Tage","Cica-Tree Water Jelly Sun Serum","USD","13.5","US$ 13.50","15","US$ 15.00","#62","2808","https://www.yesstyle.com/en/tage-cica-tree-water-jelly-sun-serum-50ml/info.html/pid.1137389052"
"2026-09-04","62","1136855056","Centellian24","360º Shot PDRN Lifting Eye Cream","USD","25.2","US$ 25.20","28","US$ 28.00","#63","1252","https://www.yesstyle.com/en/centellian24-360%C2%BA-shot/info.html/pid.1136855056"
"2026-09-04","63","1137389049","Tage","Cica-Tree Shaking Glow Sun Fixer","USD","13.5","US$ 13.50","18","US$ 18.00","#64","3017","https://www.yesstyle.com/en/tage-cica-tree-shaking-glow-sun-fixer-50ml/info.html/pid.1137389049"
"2026-09-04","64","1122056968","Kao","Biore UV Aqua Rich Watery Essence Sunscreen SPF 50+ PA++++","USD","11.68","US$ 11.68","14.6","US$ 14.60","#65","7040","https://www.yesstyle.com/en/kao-biore-uv-aqua-rich-watery-essence-sunscreen-spf-50-pa-70g-2025/info.html/pid.1122056968"
"2026-09-04","65","1131154179","celimax","Pore+Dark Spot Brightening Cream","USD","21.6","US$ 21.60","24","US$ 24.00","#66","4038","https://www.yesstyle.com/en/celimax-pore-dark-spot-brightening-cream-35ml/info.html/pid.1131154179"
"2026-09-04","66","1124066780","medicube","Collagen Night Wrapping Mask","USD","21.9","US$ 21.90","36","US$ 36.00","#67","11227","https://www.yesstyle.com/en/medicube-collagen-night-wrapping-mask-75ml/info.html/pid.1124066780"
"2026-09-04","67","1077985196","Canmake","Creamy Touch Liner","USD","6.88","US$ 6.88","8.6","US$ 8.60","#68","1495","https://www.yesstyle.com/en/canmake-creamy-touch-liner-15-cappuccino-pink/info.html/pid.1077985196"
"2026-09-04","68","1114237600","TOCOBO","Cotton Soft Sun Stick","USD","16","US$ 16.00","20","US$ 20.00","#69","6885","https://www.yesstyle.com/en/tocobo-cotton-soft-sun-stick-19g/info.html/pid.1114237600"
"2026-09-04","69","1135064251","numbuzin","No.9 NAD+ PDRN Glow Boosting Toner","USD","16.5","US$ 16.50","22.6","US$ 22.60","#70","3976","https://www.yesstyle.com/en/numbuzin-no-9-nad-pdrn-glow-boosting-toner-150ml/info.html/pid.1135064251"
"2026-09-04","70","1136855057","Centellian24","Expert Madeca Cream Active Renew PDRN","USD","26.6","US$ 26.60","38","US$ 38.00","#71","1638","https://www.yesstyle.com/en/centellian24-expert-madeca-cream-active-renew-pdrn-50ml/info.html/pid.1136855057"
"2026-09-04","71","1130836320","KSECRET","SEOUL 1988 Eye Cream : Retinal Liposome 4% + Fermented Bean","USD","15.4","US$ 15.40","22","US$ 22.00","#72","10604","https://www.yesstyle.com/en/ksecret-seoul-1988-eye-cream-retinal-liposome-4-fermented-bean-30ml/info.html/pid.1130836320"
"2026-09-04","72","1129799320","haruharu wonder","Black Rice Probiotics Barrier Essence","USD","19.6","US$ 19.60","28","US$ 28.00","#73","4975","https://www.yesstyle.com/en/haruharu-wonder-black-rice-probiotics-barrier-essence-120ml/info.html/pid.1129799320"
"2026-09-04","73","1131568455","EQQUALBERRY","Vitamin Illuminating Serum","USD","24.99","US$ 24.99","0","","#74","8046","https://www.yesstyle.com/en/eqqualberry-vitamin-illuminating-serum-30ml/info.html/pid.1131568455"
"2026-09-04","74","1116073910","SKIN1004","Madagascar Centella Poremizing Deep Cleansing Foam","USD","10","US$ 10.00","15.9","US$ 15.90","#75","5962","https://www.yesstyle.com/en/skin1004-madagascar-centella-poremizing-deep-cleansing-foam-125ml/info.html/pid.1116073910"
"2026-09-04","75","1132569647","CORINGCO","Toktok-Hara No Glue Eyelash - 10 Types","USD","10.5","US$ 10.50","11.8","US$ 11.80","#76","368","https://www.yesstyle.com/en/coringco-toktok-hara-no-glue-eyelash-10-types-01-cherry-coke/info.html/pid.1132569647"
"2026-09-04","76","1124137872","numbuzin","No.5+ Glutathione Vitamin Concentrated Serum","USD","19.99","US$ 19.99","26","US$ 26.00","#77","7427","https://www.yesstyle.com/en/numbuzin-no-5-glutathione-vitamin-concentrated-serum-2025-version/info.html/pid.1124137872"
"2026-09-04","77","1116073911","SKIN1004","Madagascar Centella Poremizing Light Gel Cream","USD","11.52","US$ 11.52","21","US$ 21.00","#78","6933","https://www.yesstyle.com/en/skin1004-madagascar-centella-poremizing-light-gel-cream-75ml/info.html/pid.1116073911"
"2026-09-04","78","1124363689","SKIN1004","Madagascar Centella Hyalu-Cica Silky-Fit Sun Stick","USD","10.97","US$ 10.97","14.3","US$ 14.30","#79","9757","https://www.yesstyle.com/en/skin1004-madagascar-centella-hyalu-cica-silky-fit-sun-stick-20g/info.html/pid.1124363689"
"2026-09-04","79","1137514354","SKIN1004","Madagascar Centella Hyalu-Cica Water-Fit Sun Serum 50ml Twin Pack 2sets Bundle Set","USD","34.98","US$ 34.98","51","US$ 51.00","#80","0","https://www.yesstyle.com/en/skin1004-madagascar-centella-hyalu-cica-water-fit-sun-serum-50ml-twin/info.html/pid.1137514354"
"2026-09-04","80","1134227148","medicube","PDRN Pink Collagen Capsule Cream","USD","23.9","US$ 23.90","34","US$ 34.00","#81","4161","https://www.yesstyle.com/en/medicube-pdrn-pink-collagen-capsule-cream-55g/info.html/pid.1134227148"
"2026-09-04","81","1137981217","medicube","PDRN Pink Collagen Volume Multi Balm","USD","22.9","US$ 22.90","34","US$ 34.00","#82","20","https://www.yesstyle.com/en/medicube-pdrn-pink-collagen-volume-multi-balm-10g/info.html/pid.1137981217"
"2026-09-04","82","1136216665","numbuzin","No.1 Clear Filter Sun Essence","USD","13.99","US$ 13.99","24","US$ 24.00","#83","3016","https://www.yesstyle.com/en/numbuzin-no-1-clear-filter-sun-essence-50ml/info.html/pid.1136216665"
"2026-09-04","83","1113064817","SKIN1004","Madagascar Centella Poremizing Fresh Ampoule Jumbo","USD","13","US$ 13.00","20.2","US$ 20.20","#84","9454","https://www.yesstyle.com/en/skin1004-madagascar-centella-poremizing-fresh-ampoule-jumbo-100ml/info.html/pid.1113064817"
"2026-09-04","84","1103240430","LANEIGE","Lip Sleeping Mask EX Mini","USD","4","US$ 4.00","6","US$ 6.00","#85","18187","https://www.yesstyle.com/en/laneige-lip-sleeping-mask-ex-mini-berry-3g/info.html/pid.1103240430"
"2026-09-04","85","1124363690","SKIN1004","Madagascar Centella Probio-Cica Bakuchiol Eye Cream","USD","10.77","US$ 10.77","12.8","US$ 12.80","#86","10851","https://www.yesstyle.com/en/skin1004-madagascar-centella-probio-cica-bakuchiol-eye-cream-20ml/info.html/pid.1124363690"
"2026-09-04","86","1107199854","SKIN1004","Madagascar Centella Watergel Sheet Ampoule Mask","USD","1.99","US$ 1.99","4.8","US$ 4.80","#87","886","https://www.yesstyle.com/en/skin1004-madagascar-centella-watergel-sheet-ampoule-mask-25ml-x-1/info.html/pid.1107199854"
"2026-09-04","87","1136952694","Centellian24","Madeca Cream Time Reverse Mini","USD","13.5","US$ 13.50","15","US$ 15.00","#88","939","https://www.yesstyle.com/en/centellian24-madeca-cream-time-reverse-mini-15ml/info.html/pid.1136952694"
"2026-09-04","88","1127471822","AXIS-Y","Vegan Collagen Eye Serum","USD","16.8","US$ 16.80","24","US$ 24.00","#89","6371","https://www.yesstyle.com/en/axis-y-vegan-collagen-eye-serum-10ml/info.html/pid.1127471822"
"2026-09-04","89","1113064810","SKIN1004","Madagascar Centella Soothing Cream","USD","11.49","US$ 11.49","17","US$ 17.00","#90","5764","https://www.yesstyle.com/en/skin1004-madagascar-centella-soothing-cream-75ml/info.html/pid.1113064810"
"2026-09-04","90","1134226130","mixsoon","Bean Sun Serum","USD","9.99","US$ 9.99","26","US$ 26.00","#91","2909","https://www.yesstyle.com/en/mixsoon-bean-sun-serum-50ml/info.html/pid.1134226130"
"2026-09-04","91","1134657377","Abib","PDRN Retinal Eye Patch Glow Jelly","USD","16.1","US$ 16.10","23","US$ 23.00","#92","3183","https://www.yesstyle.com/en/abib-pdrn-retinal-eye-patch-glow-jelly-60-patches/info.html/pid.1134657377"
"2026-09-04","92","1128316294","Purito SEOUL","Daily Soft Touch Sunscreen","USD","15.05","US$ 15.05","21.5","US$ 21.50","#93","2838","https://www.yesstyle.com/en/purito-seoul-daily-soft-touch-sunscreen-60ml/info.html/pid.1128316294"
"2026-09-04","93","1137997158","Beauty of Joseon","Relief Sun: Rice + Probiotics 2pcs Bundle Set","USD","28.8","US$ 28.80","36","US$ 36.00","#94","0","https://www.yesstyle.com/en/beauty-of-joseon-relief-sun-rice-probiotics-2pcs-bundle-set-50ml-x/info.html/pid.1137997158"
"2026-09-04","94","1123474315","SKIN1004","Madagascar Centella Probio-Cica Intensive Ampoule Jumbo","USD","16","US$ 16.00","25.8","US$ 25.80","#95","7705","https://www.yesstyle.com/en/skin1004-madagascar-centella-probio-cica-intensive-ampoule-jumbo-95ml/info.html/pid.1123474315"
"2026-09-04","95","1048964957","MISSHA","M Perfect Cover BB Cream SPF42 PA+++ - 7 Colors","USD","14.9","US$ 14.90","19","US$ 19.00","#96","10164","https://www.yesstyle.com/en/missha-m-perfect-cover-bb-cream-spf42-pa-7-colors/info.html/pid.1048964957"
"2026-09-04","96","1137987510","Anua","PDRN Hyaluronic Acid Hydrating Capsule Mist","USD","20","US$ 20.00","25","US$ 25.00","#97","124","https://www.yesstyle.com/en/anua-pdrn-hyaluronic-acid-hydrating-capsule-mist-100ml/info.html/pid.1137987510"
"2026-09-04","97","1137538142","Purito SEOUL","Retinol Retinal 2000 NAD+ Serum","USD","15","US$ 15.00","25","US$ 25.00","#98","707","https://www.yesstyle.com/en/purito-seoul-retinol-retinal-2000-nad-serum-30ml/info.html/pid.1137538142"
"2026-09-04","98","1137997768","haruharu wonder","Black Rice Moisture 5.5 Soft Cleansing Gel","USD","13.6","US$ 13.60","17","US$ 17.00","#99","58","https://www.yesstyle.com/en/haruharu-wonder-black-rice-moisture-5-5-soft-cleansing-gel-100ml/info.html/pid.1137997768"
"2026-09-04","99","1134047328","medicube","PDRN Pink Collagen Gel Mask Set","USD","21.9","US$ 21.90","35","US$ 35.00","#100","1421","https://www.yesstyle.com/en/medicube-pdrn-pink-collagen-gel-mask-set-28g-x-4-sheets/info.html/pid.1134047328"
"2026-09-04","100","1137960930","ROUND LAB","Birch Juice Moisturizing Sunscreen 2pcs Bundle Set","USD","35.28","US$ 35.28","56","US$ 56.00","#101","0","https://www.yesstyle.com/en/round-lab-birch-juice-moisturizing-sunscreen-2pcs-bundle-set-50ml/info.html/pid.1137960930"
"2026-09-04","101","1134490327","Anua","Heartleaf Pore Control Cleansing Oil","USD","20","US$ 20.00","22.7","US$ 22.70","#102","14225","https://www.yesstyle.com/en/anua-heartleaf-pore-control-cleansing-oil-200ml/info.html/pid.1134490327"
"2026-09-04","102","1137539853","numbuzin","No.9 NAD+ Retinal Volumetox Eye Cream Tube Type","USD","15.44","US$ 15.44","25","US$ 25.00","#103","747","https://www.yesstyle.com/en/numbuzin-no-9-nad-retinal-volumetox-eye-cream-tube-type-20ml/info.html/pid.1137539853"
"2026-09-04","103","1128134342","AESTURA","Ato Barrier 365 Cream","USD","32","US$ 32.00","0","","#104","2783","https://www.yesstyle.com/en/aestura-ato-barrier-365-cream-80ml/info.html/pid.1128134342"
"2026-09-04","104","1137331945","numbuzin","No.9 NAD Peptides Dewy Sun Essence","USD","11.99","US$ 11.99","18","US$ 18.00","#105","746","https://www.yesstyle.com/en/numbuzin-no-9-nad-peptides-dewy-sun-essence-50ml/info.html/pid.1137331945"
"2026-09-04","105","1061020764","THE FACE SHOP","Real Nature Face Mask - 20 Types","USD","2","US$ 2.00","3.5","US$ 3.50","#106","5472","https://www.yesstyle.com/en/the-face-shop-real-nature-face-mask-20-types-calendula/info.html/pid.1061020764"
"2026-09-04","106","1123999568","Judydoll","Slim Liquid Eyeliner - 4 Classic Ultra-Fine Colours","USD","8.39","US$ 8.39","11.99","US$ 11.99","#107","4574","https://www.yesstyle.com/en/judydoll-slim-liquid-eyeliner-4-classic-ultra-fine-colours-04-gray/info.html/pid.1123999568"
"2026-09-04","107","1119542494","Beauty of Joseon","Matte Sun Stick","USD","14.4","US$ 14.40","18","US$ 18.00","#108","8514","https://www.yesstyle.com/en/beauty-of-joseon-matte-sun-stick-18g/info.html/pid.1119542494"
"2026-09-04","108","1045777260","ETUDE","Dear Darling Water Tint - 9 Colors","USD","4","US$ 4.00","6.9","US$ 6.90","#109","9139","https://www.yesstyle.com/en/etude-dear-darling-water-tint-9-colors-05-grape-ade/info.html/pid.1045777260"
"2026-09-04","109","1137225530","VT","PDRN Reedle Shot Brush Hair Serum","USD","16.13","US$ 16.13","23.04","US$ 23.04","#110","633","https://www.yesstyle.com/en/vt-pdrn-reedle-shot-brush-hair-serum-100ml/info.html/pid.1137225530"
"2026-09-04","110","1052684732","COSRX","Low pH Good Morning Gel Cleanser","USD","11.2","US$ 11.20","14.8","US$ 14.80","#111","24209","https://www.yesstyle.com/en/cosrx-low-ph-good-morning-gel-cleanser-150ml/info.html/pid.1052684732"
"2026-09-04","111","1096176653","CLIO","Kill Lash Superproof Mascara - 4 Types","USD","15","US$ 15.00","18","US$ 18.00","#112","4586","https://www.yesstyle.com/en/clio-kill-lash-superproof-mascara-4-types-br01-choco-brown/info.html/pid.1096176653"
"2026-09-04","112","1135350144","JUMISO","Niacinamide 20 Serum","USD","16.8","US$ 16.80","24","US$ 24.00","#113","6123","https://www.yesstyle.com/en/jumiso-niacinamide-20-serum-40ml/info.html/pid.1135350144"
"2026-09-04","113","1115102667","peripera","Speedy Skinny Brow Mascara - 11 Colors","USD","9.9","US$ 9.90","12.9","US$ 12.90","#114","3630","https://www.yesstyle.com/en/peripera-speedy-skinny-brow-mascara-11-colors-04-ash-brown/info.html/pid.1115102667"
"2026-09-04","114","1137593693","Anua","Collagen Retinol Refining Gua Sha Cream","USD","24","US$ 24.00","30","US$ 30.00","#115","388","https://www.yesstyle.com/en/anua-collagen-retinol-refining-gua-sha-cream-80ml/info.html/pid.1137593693"
"2026-09-04","115","1129377100","ETUDE","My Lash Serum","USD","4.48","US$ 4.48","6.4","US$ 6.40","#116","19226","https://www.yesstyle.com/en/etude-my-lash-serum-2024-version-9g/info.html/pid.1129377100"
"2026-09-04","116","1103198080","Mary&May","Tranexamic Acid + Glutathione Eye Cream","USD","11.07","US$ 11.07","12.3","US$ 12.30","#117","6006","https://www.yesstyle.com/en/mary-may-tranexamic-acid-glutathione-eye-cream-30g/info.html/pid.1103198080"
"2026-09-04","117","1133101178","Arencia","Fresh Green Rice Mochi Cleanser","USD","19","US$ 19.00","23","US$ 23.00","#118","8025","https://www.yesstyle.com/en/arencia-fresh-green-rice-mochi-cleanser-120g/info.html/pid.1133101178"
"2026-09-04","118","1137514359","Arencia","Vitamin C Booster Shot 2pcs Bundle Set","USD","38.88","US$ 38.88","48","US$ 48.00","#119","0","https://www.yesstyle.com/en/arencia-vitamin-c-booster-shot-2pcs-bundle-set-30ml-x-2-pcs/info.html/pid.1137514359"
"2026-09-04","119","1125268517","House of Hur","Clearing Skin Prep Essence Pad","USD","16","US$ 16.00","21.5","US$ 21.50","#120","1366","https://www.yesstyle.com/en/house-of-hur-clearing-skin-prep-essence-pad-70-pads/info.html/pid.1125268517"
"2026-09-04","120","1137495930","Anua","Azelaic Acid 10 Hyaluron Redness Soothing Serum Set Kpop Demon Hunters Collaboration","USD","23.25","US$ 23.25","31","US$ 31.00","#121","657","https://www.yesstyle.com/en/anua-azelaic-acid-10-hyaluron-redness-soothing-serum-set-kpop-demon/info.html/pid.1137495930"
"2026-09-04","121","1137827552","epii","HPT6 Ultra Drop 10%","USD","26.99","US$ 26.99","44.99","US$ 44.99","#122","362","https://www.yesstyle.com/en/epii-hpt6-ultra-drop-10-30ml/info.html/pid.1137827552"
"2026-09-04","122","1128819058","COSRX","Ultra Light Invisible Sunscreen","USD","11.2","US$ 11.20","16","US$ 16.00","#123","2688","https://www.yesstyle.com/en/cosrx-ultra-light-invisible-sunscreen-50ml/info.html/pid.1128819058"
"2026-09-04","123","1129746067","medicube","Zero Pore Blackhead Mud Mask","USD","20","US$ 20.00","25","US$ 25.00","#124","2385","https://www.yesstyle.com/en/medicube-zero-pore-blackhead-mud-mask-100g/info.html/pid.1129746067"
"2026-09-04","124","1105987458","mixsoon","Bean Essence Jumbo","USD","24.5","US$ 24.50","35","US$ 35.00","#125","11872","https://www.yesstyle.com/en/mixsoon-bean-essence-jumbo-50ml/info.html/pid.1105987458"
"2026-09-04","125","1137960568","SKIN1004","Madagascar Centella Hyalu-Cica Water-Fit Sun Serum Jumbo 2pcs Bundle Set","USD","36.31","US$ 36.31","47.2","US$ 47.20","#126","0","https://www.yesstyle.com/en/skin1004-madagascar-centella-hyalu-cica-water-fit-sun-serum-jumbo/info.html/pid.1137960568"
"2026-09-04","126","1126677476","SOME BY MI","30 Days Miracle Clear Spot Patch","USD","3.53","US$ 3.53","4.7","US$ 4.70","#127","6162","https://www.yesstyle.com/en/some-by-mi-30-days-miracle-clear-spot-patch-2023-version-18-pcs/info.html/pid.1126677476"
"2026-09-04","127","1118209017","mixsoon","Centella Cleansing Foam","USD","13.5","US$ 13.50","18","US$ 18.00","#128","5655","https://www.yesstyle.com/en/mixsoon-centella-cleansing-foam-2024-version-150ml/info.html/pid.1118209017"
"2026-09-04","128","1124328310","Judydoll","2 IN 1 Highlighter Contour Palette - 4 Colors","USD","10.19","US$ 10.19","16.99","US$ 16.99","#129","4301","https://www.yesstyle.com/en/judydoll-2-in-1-highlighter-contour-palette-4-colors-02-wood-9g/info.html/pid.1124328310"
"2026-09-04","129","1136404512","Mary&May","Spicule Retinol PDRN Cream","USD","7.84","US$ 7.84","14.8","US$ 14.80","#130","2181","https://www.yesstyle.com/en/mary-may-spicule-retinol-pdrn-cream-15g/info.html/pid.1136404512"
"2026-09-04","130","1136826294","lilyeve","Grow Turn Exosome Brush Ampoule","USD","29.7","US$ 29.70","0","","#131","952","https://www.yesstyle.com/en/lilyeve-grow-turn-exosome-brush-ampoule-100ml/info.html/pid.1136826294"
"2026-09-04","131","1113241385","Isntree","Hyaluronic Acid Watery Sun Gel","USD","15.86","US$ 15.86","24.4","US$ 24.40","#132","6029","https://www.yesstyle.com/en/isntree-hyaluronic-acid-watery-sun-gel-50ml/info.html/pid.1113241385"
"2026-09-04","132","1132916196","Centellian24","Madeca Cream Time Reverse","USD","28.8","US$ 28.80","32","US$ 32.00","#133","5439","https://www.yesstyle.com/en/centellian24-madeca-cream-time-reverse-50ml/info.html/pid.1132916196"
"2026-09-04","133","1131989391","Biodance","Bio-Collagen Real Deep Mask Set","USD","19","US$ 19.00","0","","#134","2714","https://www.yesstyle.com/en/biodance-bio-collagen-real-deep-mask-set-34g-x-4-sheets/info.html/pid.1131989391"
"2026-09-04","134","1125962759","Dr. Althea","147 Barrier Cream","USD","22.95","US$ 22.95","27","US$ 27.00","#135","2317","https://www.yesstyle.com/en/dr-althea-147-barrier-cream-2023-version-50ml/info.html/pid.1125962759"
"2026-09-04","135","1058617520","ETUDE","Soon Jung 2x Barrier Intensive Cream","USD","10.85","US$ 10.85","15.5","US$ 15.50","#136","10229","https://www.yesstyle.com/en/etude-soon-jung-2x-barrier-intensive-cream-60ml-2021-new/info.html/pid.1058617520"
"2026-09-04","136","1137981220","medicube","Vanilla & Pistachio Deodorant","USD","26.27","US$ 26.27","30.9","US$ 30.90","#137","0","https://www.yesstyle.com/en/medicube-vanilla-pistachio-deodorant-83g/info.html/pid.1137981220"
"2026-09-04","137","1050548880","SKINFOOD","Salmon Darkcircle Concealer Cream - 3 Colors","USD","3.75","US$ 3.75","7.5","US$ 7.50","#138","2991","https://www.yesstyle.com/en/skinfood-salmon-darkcircle-concealer-cream-3-colors-2024-version-02/info.html/pid.1050548880"
"2026-09-04","138","1133320123","SKIN1004","Madagascar Centella Hyalu-Cica Hydrating Mask","USD","1.99","US$ 1.99","4.1","US$ 4.10","#139","175","https://www.yesstyle.com/en/skin1004-madagascar-centella-hyalu-cica-hydrating-mask-23ml-x-1-sheet/info.html/pid.1133320123"
"2026-09-04","139","1114828296","SKIN1004","Madagascar Centella Air Fit Suncream Light","USD","10","US$ 10.00","15.8","US$ 15.80","#140","3373","https://www.yesstyle.com/en/skin1004-madagascar-centella-air-fit-suncream-light-50ml/info.html/pid.1114828296"
"2026-09-04","140","1052684665","COSRX","Advanced Snail 92 All In One Cream","USD","20.8","US$ 20.80","26","US$ 26.00","#141","14566","https://www.yesstyle.com/en/cosrx-advanced-snail-92-all-in-one-cream/info.html/pid.1052684665"
"2026-09-04","141","1137676554","epii","HPR Pro Shot","USD","14.99","US$ 14.99","24.99","US$ 24.99","#142","297","https://www.yesstyle.com/en/epii-hpr-pro-shot-20ml/info.html/pid.1137676554"
"2026-09-04","142","1038745536","innisfree","No-Sebum Mineral Powder","USD","5","US$ 5.00","9.1","US$ 9.10","#143","6957","https://www.yesstyle.com/en/innisfree-no-sebum-mineral-powder/info.html/pid.1038745536"
"2026-09-04","143","1127264626","Purito SEOUL","Wonder Releaf Centella Serum Unscented","USD","16.1","US$ 16.10","23","US$ 23.00","#144","7323","https://www.yesstyle.com/en/purito-seoul-wonder-releaf-centella-serum-unscented-60ml/info.html/pid.1127264626"
"2026-09-04","144","1130299070","LANEIGE","Lip Glowy Balm - 6 Types","USD","11","US$ 11.00","18.6","US$ 18.60","#145","1002","https://www.yesstyle.com/en/laneige-lip-glowy-balm-6-types-sweet-candy/info.html/pid.1130299070"
"2026-09-04","145","1137495929","Anua","Niacinamide 10 TXA 4 Serum Set Kpop Demon Hunters Collaboration","USD","20.15","US$ 20.15","31","US$ 31.00","#146","609","https://www.yesstyle.com/en/anua-niacinamide-10-txa-4-serum-set-kpop-demon-hunters-collaboration/info.html/pid.1137495929"
"2026-09-04","146","1131703598","AZTK","Jello Color Liquid Blush - 7 Colors","USD","9.63","US$ 9.63","10.7","US$ 10.70","#147","2434","https://www.yesstyle.com/en/aztk-jello-color-liquid-blush-7-colors-jc07-orange-ice-cream-5ml/info.html/pid.1131703598"
"2026-09-04","147","1137829385","celimax","The Vita-A Retinal Shot Tightening Dual Cream","USD","27","US$ 27.00","30","US$ 30.00","#148","48","https://www.yesstyle.com/en/celimax-the-vita-a-retinal-shot-tightening-dual-cream-50ml/info.html/pid.1137829385"
"2026-09-04","148","1133078348","Beauty of Joseon","Revive Eye Serum Mini","USD","5.67","US$ 5.67","6.3","US$ 6.30","#149","1259","https://www.yesstyle.com/en/beauty-of-joseon-revive-eye-serum-mini-10ml/info.html/pid.1133078348"
"2026-09-04","149","1062581559","COSRX","Clear Fit Master Patch","USD","4.8","US$ 4.80","6","US$ 6.00","#150","5210","https://www.yesstyle.com/en/cosrx-clear-fit-master-patch/info.html/pid.1062581559"
"2026-09-04","150","1107199856","SKIN1004","Madagascar Centella Travel Kit","USD","18","US$ 18.00","28.4","US$ 28.40","#151","6669","https://www.yesstyle.com/en/skin1004-madagascar-centella-travel-kit-renewed-1-set/info.html/pid.1107199856"
"2026-09-04","151","1128213533","Dr. Althea","Gentle Vitamin C Serum","USD","20.32","US$ 20.32","23.9","US$ 23.90","#152","3138","https://www.yesstyle.com/en/dr-althea-gentle-vitamin-c-serum-30ml/info.html/pid.1128213533"
"2026-09-04","152","1124133306","COSRX","The 6 Peptide Skin Booster","USD","20","US$ 20.00","25","US$ 25.00","#153","9555","https://www.yesstyle.com/en/cosrx-the-6-peptide-skin-booster-150ml/info.html/pid.1124133306"
"2026-09-04","153","1132449346","celimax","The Real Noni Acne Bubble Cleanser","USD","19.8","US$ 19.80","22","US$ 22.00","#154","5511","https://www.yesstyle.com/en/celimax-the-real-noni-acne-bubble-cleanser-155ml/info.html/pid.1132449346"
"2026-09-04","154","1117014693","TIRTIR","Mask Fit Red Cushion - 40 Colors","USD","20","US$ 20.00","25","US$ 25.00","#155","6742","https://www.yesstyle.com/en/tirtir-mask-fit-red-cushion-40-colors-55n-espresso/info.html/pid.1117014693"
"2026-09-04","155","1134315119","haruharu wonder","Black Rice Moisture Cleansing Oil","USD","17.5","US$ 17.50","25","US$ 25.00","#156","1884","https://www.yesstyle.com/en/haruharu-wonder-black-rice-moisture-cleansing-oil-150ml/info.html/pid.1134315119"
"2026-09-04","156","1131583092","Purito SEOUL","Wonder Releaf Centella BB Cream - 6 Colors","USD","9.8","US$ 9.80","14","US$ 14.00","#157","5675","https://www.yesstyle.com/en/purito-seoul-wonder-releaf-centella-bb-cream-6-colors-13-neutral-ivory/info.html/pid.1131583092"
"2026-09-04","157","1066639260","peripera","Speedy Skinny Brow - 9 Colors","USD","4.68","US$ 4.68","5.2","US$ 5.20","#158","2273","https://www.yesstyle.com/en/peripera-speedy-skinny-brow-9-colors-05-light-brown/info.html/pid.1066639260"
"2026-09-04","158","1075162835","ISEHAN","Kiss Me Heroine Make Long & Curl Mascara Advanced Film","USD","8.88","US$ 8.88","11.1","US$ 11.10","#159","5900","https://www.yesstyle.com/en/isehan-kiss-me-heroine-make-long-curl-mascara-advanced-film-56-hydrangea/info.html/pid.1075162835"
"2026-09-04","159","1137985479","Purito SEOUL","Mighty Bamboo Panthenol Cream 2pcs Bundle Set","USD","28.98","US$ 28.98","46","US$ 46.00","#160","0","https://www.yesstyle.com/en/purito-seoul-mighty-bamboo-panthenol-cream-2pcs-bundle-set-100ml-x/info.html/pid.1137985479"
"2026-09-04","160","1124066765","medicube","Collagen Lifting Mask","USD","3","US$ 3.00","6","US$ 6.00","#161","1988","https://www.yesstyle.com/en/medicube-collagen-lifting-mask-27g/info.html/pid.1124066765"
"2026-09-04","161","1083257472","TIRTIR","Milk Skin Toner Jumbo","USD","20","US$ 20.00","28.7","US$ 28.70","#162","6552","https://www.yesstyle.com/en/tirtir-milk-skin-toner-jumbo-150ml/info.html/pid.1083257472"
"2026-09-04","162","1137960649","Anua","Azelaic Acid 10 Hyaluron Redness Soothing Serum 2pcs Bundle Set","USD","39.6","US$ 39.60","44","US$ 44.00","#163","0","https://www.yesstyle.com/en/anua-azelaic-acid-10-hyaluron-redness-soothing-serum-2pcs-bundle-set/info.html/pid.1137960649"
"2026-09-04","163","1113064820","SKIN1004","Madagascar Centella Hyalu-Cica Moisture Cream","USD","12.79","US$ 12.79","17.7","US$ 17.70","#164","2120","https://www.yesstyle.com/en/skin1004-madagascar-centella-hyalu-cica-moisture-cream-75ml/info.html/pid.1113064820"
"2026-09-04","164","1119514911","Isntree","Ultra-Low Molecular Hyaluronic Acid Serum","USD","15.86","US$ 15.86","24.4","US$ 24.40","#165","2891","https://www.yesstyle.com/en/isntree-ultra-low-molecular-hyaluronic-acid-serum-50ml/info.html/pid.1119514911"
"2026-09-04","165","1117674777","Beauty of Joseon","Red Bean Refreshing Pore Mask","USD","16","US$ 16.00","20","US$ 20.00","#166","5637","https://www.yesstyle.com/en/beauty-of-joseon-red-bean-refreshing-pore-mask-140ml/info.html/pid.1117674777"
"2026-09-04","166","1052684728","COSRX","Salicylic Acid Daily Gentle Cleanser","USD","11.2","US$ 11.20","14.6","US$ 14.60","#167","8804","https://www.yesstyle.com/en/cosrx-salicylic-acid-daily-gentle-cleanser/info.html/pid.1052684728"
"2026-09-04","167","1134551762","Anua","Heartleaf 77 Soothing Toner","USD","21","US$ 21.00","24.9","US$ 24.90","#168","9802","https://www.yesstyle.com/en/anua-heartleaf-77-soothing-toner-250ml/info.html/pid.1134551762"
"2026-09-04","168","1137827554","epii","HPT6 Ultra Cream 10%","USD","32.99","US$ 32.99","54.99","US$ 54.99","#169","356","https://www.yesstyle.com/en/epii-hpt6-ultra-cream-10-50ml/info.html/pid.1137827554"
"2026-09-04","169","1134228333","romand","The Juicy Lasting Tint - 23 Colors","USD","13.5","US$ 13.50","15","US$ 15.00","#170","1627","https://www.yesstyle.com/en/romand-the-juicy-lasting-tint-23-colors-01-pomelo-skin/info.html/pid.1134228333"
"2026-09-04","170","1039417845","LANEIGE","Lip Sleeping Mask EX Berry","USD","11","US$ 11.00","16.4","US$ 16.40","#171","12123","https://www.yesstyle.com/en/laneige-lip-sleeping-mask-ex-berry-20g/info.html/pid.1039417845"
"2026-09-04","171","1136484843","Shiseido","Fino Premium Touch Hair Oil","USD","12.64","US$ 12.64","15.8","US$ 15.80","#172","3344","https://www.yesstyle.com/en/shiseido-fino-premium-touch-hair-oil-70ml/info.html/pid.1136484843"
"2026-09-04","172","1128775509","epais","Eyelash Essential Serum","USD","19.19","US$ 19.19","20.2","US$ 20.20","#173","784","https://www.yesstyle.com/en/epais-eyelash-essential-serum-15ml/info.html/pid.1128775509"
"2026-09-04","173","1074396105","Canmake","Mermaid Skin Gel UV Sunscreen SPF 50+ PA++++","USD","9.6","US$ 9.60","12","US$ 12.00","#174","5183","https://www.yesstyle.com/en/canmake-mermaid-skin-gel-uv-sunscreen-spf-50-pa/info.html/pid.1074396105"
"2026-09-04","174","1136684590","fwee","Rose Obsession Stay-Fit Lip Tint - 18 Colors","USD","10.2","US$ 10.20","17","US$ 17.00","#175","989","https://www.yesstyle.com/en/fwee-rose-obsession-stay-fit-lip-tint-18-colors-gw01-honey-rose/info.html/pid.1136684590"
"2026-09-04","175","1052684693","COSRX","BHA Blackhead Power Liquid","USD","20","US$ 20.00","25","US$ 25.00","#176","5751","https://www.yesstyle.com/en/cosrx-bha-blackhead-power-liquid/info.html/pid.1052684693"
"2026-09-04","176","1124327727","Judydoll","3D Curling Eyelash Iron Mascara (0° Classic and 6° Curling Basic) - 4 Types","USD","10.49","US$ 10.49","13.99","US$ 13.99","#177","2018","https://www.yesstyle.com/en/judydoll-3d-curling-eyelash-iron-mascara-0-classic-and-6-curling-basic/info.html/pid.1124327727"
"2026-09-04","177","1137733401","celimax","TXA Body Clarifying Pad","USD","22.5","US$ 22.50","25","US$ 25.00","#178","285","https://www.yesstyle.com/en/celimax-txa-body-clarifying-pad-50-pads/info.html/pid.1137733401"
"2026-09-04","178","1132263889","Isntree","Onion Newpair Soothing Mask","USD","0.98","US$ 0.98","4.9","US$ 4.90","#179","986","https://www.yesstyle.com/en/isntree-onion-newpair-soothing-mask-25g-x-1-sheet/info.html/pid.1132263889"
"2026-09-04","179","1137372820","NIDA","Revive Eye Cream For Face And Neck","USD","13.05","US$ 13.05","14.5","US$ 14.50","#180","239","https://www.yesstyle.com/en/nida-revive-eye-cream-for-face-and-neck-40ml/info.html/pid.1137372820"
"2026-09-04","180","1137548574","I'm from","Rice Toner","USD","15.09","US$ 15.09","21.9","US$ 21.90","#181","13391","https://www.yesstyle.com/en/im-from-rice-toner-150ml/info.html/pid.1137548574"
"2026-09-04","181","1129049939","Beauty of Joseon","Glow Replenishing Rice Milk","USD","14.4","US$ 14.40","18","US$ 18.00","#182","3708","https://www.yesstyle.com/en/beauty-of-joseon-glow-replenishing-rice-milk-150ml/info.html/pid.1129049939"
"2026-09-04","182","1127076486","CLIO","Sharp So Simple Waterproof Pencil Liner - 13 Colors","USD","6.59","US$ 6.59","7.9","US$ 7.90","#183","1801","https://www.yesstyle.com/en/clio-sharp-so-simple-waterproof-pencil-liner-13-colors-07-creamy-ivory/info.html/pid.1127076486"
"2026-09-04","183","1127631957","VT","Reedle Shot Lifting Eye Cream","USD","20.74","US$ 20.74","25.92","US$ 25.92","#184","1860","https://www.yesstyle.com/en/vt-reedle-shot-lifting-eye-cream-15ml/info.html/pid.1127631957"
"2026-09-04","184","1134308336","SKIN1004","Madagascar Centella Poremizing Velvet Finish Sunscreen","USD","12.48","US$ 12.48","15.8","US$ 15.80","#185","1457","https://www.yesstyle.com/en/skin1004-madagascar-centella-poremizing-velvet-finish-sunscreen-50ml/info.html/pid.1134308336"
"2026-09-04","185","1135918989","Anua","YesStyle Exclusive Double Cleansing Duo Set","USD","24.96","US$ 24.96","31.2","US$ 31.20","#186","1390","https://www.yesstyle.com/en/anua-yesstyle-exclusive-double-cleansing-duo-set-2-pcs/info.html/pid.1135918989"
"2026-09-04","186","1137768276","medicube","EGF NAD Firming Serum","USD","22.9","US$ 22.90","34","US$ 34.00","#187","139","https://www.yesstyle.com/en/medicube-egf-nad-firming-serum-30ml/info.html/pid.1137768276"
"2026-09-04","187","1137828721","UNLEASHIA","Two Step Zero Pore Overnight Bubble Mask","USD","14","US$ 14.00","27.99","US$ 27.99","#188","135","https://www.yesstyle.com/en/unleashia-two-step-zero-pore-overnight-bubble-mask-80ml/info.html/pid.1137828721"
"2026-09-04","188","1128135752","SOME BY MI","Cica Peptide Anti Hair Loss Derma Scalp Tonic","USD","15.4","US$ 15.40","21.6","US$ 21.60","#189","3281","https://www.yesstyle.com/en/some-by-mi-cica-peptide-anti-hair-loss-derma-scalp-tonic-2024-version/info.html/pid.1128135752"
"2026-09-04","189","1132449410","Anua","PDRN Hyaluronic Acid Capsule 100 Serum","USD","28","US$ 28.00","0","","#190","1733","https://www.yesstyle.com/en/anua-pdrn-hyaluronic-acid-capsule-100-serum-30ml/info.html/pid.1132449410"
"2026-09-04","190","1116073912","SKIN1004","Madagascar Centella Tea-trica BHA Foam","USD","10","US$ 10.00","16.2","US$ 16.20","#191","2792","https://www.yesstyle.com/en/skin1004-madagascar-centella-tea-trica-bha-foam-125ml/info.html/pid.1116073912"
"2026-09-04","191","1102347736","haruharu wonder","Black Rice Hyaluronic Toner Fragrance Free","USD","12.6","US$ 12.60","18","US$ 18.00","#192","7215","https://www.yesstyle.com/en/haruharu-wonder-black-rice-hyaluronic-toner-fragrance-free-150ml/info.html/pid.1102347736"
"2026-09-04","192","1111694573","MQNY","Collagen Vita Wrinkle Multi Balm","USD","8.88","US$ 8.88","11.1","US$ 11.10","#193","3741","https://www.yesstyle.com/en/mqny-collagen-vita-wrinkle-multi-balm-10g/info.html/pid.1111694573"
"2026-09-04","193","1074112897","ROUND LAB","1025 Dokdo Toner","USD","13.6","US$ 13.60","18.4","US$ 18.40","#194","4773","https://www.yesstyle.com/en/round-lab-1025-dokdo-toner-200ml/info.html/pid.1074112897"
"2026-09-04","194","1137438871","iUNIK","Centella Calming Daily Sun Water","USD","18","US$ 18.00","25","US$ 25.00","#195","1731","https://www.yesstyle.com/en/iunik-centella-calming-daily-sun-water-120ml/info.html/pid.1137438871"
"2026-09-04","195","1123980118","ROUND LAB","Birch Juice Moisturizing Cleanser","USD","11.9","US$ 11.90","17","US$ 17.00","#196","1961","https://www.yesstyle.com/en/round-lab-birch-juice-moisturizing-cleanser-150ml/info.html/pid.1123980118"
"2026-09-04","196","1048634893","MQNY","MQNY Waterproof Pen Eyeliner - 3 Colors","USD","5.12","US$ 5.12","6.4","US$ 6.40","#197","16561","https://www.yesstyle.com/en/mqny-mqny-waterproof-pen-eyeliner-3-colors-0-6g/info.html/pid.1048634893"
"2026-09-04","197","1121981732","APLB","Glutathione Niacinamide Facial Cream","USD","9.8","US$ 9.80","16.61","US$ 16.61","#198","4513","https://www.yesstyle.com/en/aplb-glutathione-niacinamide-facial-cream-55ml/info.html/pid.1121981732"
"2026-09-04","198","1137023525","SKIN1004","Madagascar Centella Poremizing Travel Kit","USD","15.79","US$ 15.79","21.5","US$ 21.50","#199","655","https://www.yesstyle.com/en/skin1004-madagascar-centella-poremizing-travel-kit-4-pcs/info.html/pid.1137023525"
"2026-09-04","199","1093254125","SKINFOOD","Sous Vide Mask Sheet - 10 Types","USD","0.98","US$ 0.98","3.38","US$ 3.38","#200","418","https://www.yesstyle.com/en/skinfood-sous-vide-mask-sheet-10-types-10-lotus-root/info.html/pid.1093254125"
"2026-09-04","200","1118864369","mixsoon","Bean Cleansing Oil Jumbo","USD","18.75","US$ 18.75","25","US$ 25.00","#201","5332","https://www.yesstyle.com/en/mixsoon-bean-cleansing-oil-jumbo-195ml/info.html/pid.1118864369"
"2026-09-04","201","1133567895","TIRTIR","Mask Fit Waterproof Setting Spray","USD","12","US$ 12.00","15.1","US$ 15.10","#202","1245","https://www.yesstyle.com/en/tirtir-mask-fit-waterproof-setting-spray-80ml/info.html/pid.1133567895"
"2026-09-04","202","1113064814","SKIN1004","Madagascar Centella Air-Fit Suncream Plus","USD","11.03","US$ 11.03","15.6","US$ 15.60","#203","2477","https://www.yesstyle.com/en/skin1004-madagascar-centella-air-fit-suncream-plus-50ml/info.html/pid.1113064814"
"2026-09-04","203","1090696231","TOSOWOONG","Arbutin 5% Whitening Cream","USD","22.43","US$ 22.43","44.85","US$ 44.85","#204","1452","https://www.yesstyle.com/en/tosowoong-arbutin-5-whitening-cream-50g/info.html/pid.1090696231"
"2026-09-04","204","1066340839","iUNIK","Centella Calming Gel Cream 60ml","USD","12","US$ 12.00","17","US$ 17.00","#205","10863","https://www.yesstyle.com/en/iunik-centella-calming-gel-cream-60ml-60ml/info.html/pid.1066340839"
"2026-09-04","205","1124066776","medicube","Collagen Jelly Cream","USD","22.9","US$ 22.90","39","US$ 39.00","#206","5092","https://www.yesstyle.com/en/medicube-collagen-jelly-cream-110ml/info.html/pid.1124066776"
"2026-09-04","206","1137158461","epais","Scalp Boosting Ampoule","USD","24.51","US$ 24.51","25.8","US$ 25.80","#207","548","https://www.yesstyle.com/en/epais-scalp-boosting-ampoule-150ml/info.html/pid.1137158461"
"2026-09-04","207","1113521192","Isntree","Hyaluronic Acid Aqua Gel Cream","USD","14.43","US$ 14.43","22.2","US$ 22.20","#208","2923","https://www.yesstyle.com/en/isntree-hyaluronic-acid-aqua-gel-cream-80ml/info.html/pid.1113521192"
"2026-09-04","208","1137882440","NINELESS","B-Boost 1% Kojic Acid Serum","USD","9.8","US$ 9.80","13.9","US$ 13.90","#209","2140","https://www.yesstyle.com/en/nineless-b-boost-1-kojic-acid-serum-30ml/info.html/pid.1137882440"
"2026-09-04","209","1066131832","Dr.G","R.E.D Blemish Clear Soothing Cream","USD","20.97","US$ 20.97","34.95","US$ 34.95","#210","4947","https://www.yesstyle.com/en/dr-g-r-e-d-blemish-clear-soothing-cream-70ml/info.html/pid.1066131832"
"2026-09-04","210","1131992176","SKIN1004","Madagascar Centella Poremizing Clarifying Mask","USD","1.99","US$ 1.99","4.1","US$ 4.10","#211","373","https://www.yesstyle.com/en/skin1004-madagascar-centella-poremizing-clarifying-mask-23ml-x-1-sheet/info.html/pid.1131992176"
"2026-09-04","211","1129945243","medicube","Deep Vita C Capsule Cream","USD","23.8","US$ 23.80","34","US$ 34.00","#212","3939","https://www.yesstyle.com/en/medicube-deep-vita-c-capsule-cream-55g/info.html/pid.1129945243"
"2026-09-04","212","1052684630","COSRX","Aloe Soothing Sun Cream","USD","12.8","US$ 12.80","16","US$ 16.00","#213","14416","https://www.yesstyle.com/en/cosrx-aloe-soothing-sun-cream-50ml/info.html/pid.1052684630"
"2026-09-04","213","1125028557","beplain","Mung Bean Ph-balanced Cleansing Foam Jumbo","USD","19","US$ 19.00","26","US$ 26.00","#214","849","https://www.yesstyle.com/en/beplain-mung-bean-ph-balanced-cleansing-foam-jumbo-160ml/info.html/pid.1125028557"
"2026-09-04","214","1133657599","Beauty of Joseon","Glow Serum Jumbo","USD","19.2","US$ 19.20","24","US$ 24.00","#215","1515","https://www.yesstyle.com/en/beauty-of-joseon-glow-serum-jumbo-60ml/info.html/pid.1133657599"
"2026-09-04","215","1057853640","peripera","Ink Velvet - 31 Colors","USD","6.09","US$ 6.09","9","US$ 9.00","#216","10579","https://www.yesstyle.com/en/peripera-ink-velvet-31-colors-19-love-sniper-red/info.html/pid.1057853640"
"2026-09-04","216","1131156350","TOCOBO","Juicy Berry Plumping Lip Oil - 14 Colors","USD","11.2","US$ 11.20","14","US$ 14.00","#217","3544","https://www.yesstyle.com/en/tocobo-juicy-berry-plumping-lip-oil-14-colors-01-chill-red/info.html/pid.1131156350"
"2026-09-04","217","1137266752","Anua","Invisible Glow Finish Sunscreen Stick Kpop Demon Hunters Collaboration","USD","11","US$ 11.00","18","US$ 18.00","#218","662","https://www.yesstyle.com/en/anua-invisible-glow-finish-sunscreen-stick-kpop-demon-hunters-collaboration/info.html/pid.1137266752"
"2026-09-04","218","1136280232","Dr. Althea","Aqua Marine Jelly Mist","USD","16.92","US$ 16.92","19.9","US$ 19.90","#219","1583","https://www.yesstyle.com/en/dr-althea-aqua-marine-jelly-mist-100ml/info.html/pid.1136280232"
"2026-09-04","219","1129917449","Anua","7 Rice Ceramide Hydrating Barrier Serum","USD","22","US$ 22.00","0","","#220","4388","https://www.yesstyle.com/en/anua-7-rice-ceramide-hydrating-barrier-serum-50ml/info.html/pid.1129917449"
"2026-09-04","220","1122834023","Rohto Mentholatum","Melano CC Vitamin C Essence","USD","9.04","US$ 9.04","11.3","US$ 11.30","#221","5837","https://www.yesstyle.com/en/rohto-mentholatum-melano-cc-vitamin-c-essence-20ml/info.html/pid.1122834023"
"2026-09-04","221","1131154181","celimax","Pore+ Dark Spot Brightening Care Sunscreen","USD","18.9","US$ 18.90","21","US$ 21.00","#222","3084","https://www.yesstyle.com/en/celimax-pore-dark-spot-brightening-care-sunscreen-50ml/info.html/pid.1131154181"
"2026-09-04","222","1109420675","Beauty of Joseon","Green Plum Refreshing Cleanser","USD","10.4","US$ 10.40","13","US$ 13.00","#223","3192","https://www.yesstyle.com/en/beauty-of-joseon-green-plum-refreshing-cleanser-100ml/info.html/pid.1109420675"
"2026-09-04","223","1129543149","xixi","Glitter Mud Eyeshadow - 6 Colors","USD","2.16","US$ 2.16","3.6","US$ 3.60","#224","1497","https://www.yesstyle.com/en/xixi-glitter-mud-eyeshadow-6-colors-3-2-7g/info.html/pid.1129543149"
"2026-09-04","224","1135238175","mixsoon","PDRN Collagen Eye Serum","USD","15","US$ 15.00","20","US$ 20.00","#225","920","https://www.yesstyle.com/en/mixsoon-pdrn-collagen-eye-serum-20ml/info.html/pid.1135238175"
"2026-09-04","225","1132845678","Anua","Rice 70 Glow Milky Toner Mini","USD","6","US$ 6.00","9.2","US$ 9.20","#226","2211","https://www.yesstyle.com/en/anua-rice-70-glow-milky-toner-mini-40ml/info.html/pid.1132845678"
"2026-09-04","226","1133472804","APLB","Retinol Vitamin C Vitamin E Body Lotion","USD","9.8","US$ 9.80","16.61","US$ 16.61","#227","1275","https://www.yesstyle.com/en/aplb-retinol-vitamin-c-vitamin-e-body-lotion-300ml/info.html/pid.1133472804"
"2026-09-04","227","1133320125","SKIN1004","Madagascar Centella Tea-Trica Relaxing Mask","USD","1.99","US$ 1.99","4.8","US$ 4.80","#228","83","https://www.yesstyle.com/en/skin1004-madagascar-centella-tea-trica-relaxing-mask-24ml-x-1-sheet/info.html/pid.1133320125"
"2026-09-04","228","1137317935","Dr. Althea","Melaclear Cream","USD","24.65","US$ 24.65","29","US$ 29.00","#229","272","https://www.yesstyle.com/en/dr-althea-melaclear-cream-20g/info.html/pid.1137317935"
"2026-09-04","229","1136851149","Anua","Heartleaf 77 Clear Pad","USD","13","US$ 13.00","27.9","US$ 27.90","#230","242","https://www.yesstyle.com/en/anua-heartleaf-77-clear-pad-160ml/info.html/pid.1136851149"
"2026-09-04","230","1120888768","haruharu wonder","Black Rice Pure Mineral Relief Daily Sunscreen","USD","15.4","US$ 15.40","22","US$ 22.00","#231","2276","https://www.yesstyle.com/en/haruharu-wonder-black-rice-pure-mineral-relief-daily-sunscreen-50ml/info.html/pid.1120888768"
"2026-09-04","231","1137960648","Anua","Niacinamide 10 TXA 4 Serum 2pcs Bundle Set","USD","39.6","US$ 39.60","44","US$ 44.00","#232","0","https://www.yesstyle.com/en/anua-niacinamide-10-txa-4-serum-2pcs-bundle-set-2024-version-30ml/info.html/pid.1137960648"
"2026-09-04","232","1112362628","AROMATICA","Rosemary Root Enhancer","USD","13.86","US$ 13.86","16.4","US$ 16.40","#233","3062","https://www.yesstyle.com/en/aromatica-rosemary-root-enhancer-new-100ml/info.html/pid.1112362628"
"2026-09-04","233","1123980124","ROUND LAB","1025 Dokdo Hydrating Water Gel Mask","USD","2.25","US$ 2.25","4.5","US$ 4.50","#234","1082","https://www.yesstyle.com/en/round-lab-1025-dokdo-hydrating-water-gel-mask-30ml-x-1-sheet/info.html/pid.1123980124"
"2026-09-04","234","1063505379","Beauty of Joseon","Dynasty Cream","USD","19.2","US$ 19.20","24","US$ 24.00","#235","5139","https://www.yesstyle.com/en/beauty-of-joseon-dynasty-cream-50g/info.html/pid.1063505379"
"2026-09-04","235","1120208639","SKIN1004","Madagascar Centella Probio-Cica Essence Toner","USD","14","US$ 14.00","21.1","US$ 21.10","#236","2811","https://www.yesstyle.com/en/skin1004-madagascar-centella-probio-cica-essence-toner-210ml/info.html/pid.1120208639"
"2026-09-04","236","1137983459","KSECRET","SEOUL 1988 Serum : Retinal Liposome 2% + Black Ginseng 2pcs Bundle Set","USD","21.56","US$ 21.56","44","US$ 44.00","#237","0","https://www.yesstyle.com/en/ksecret-seoul-1988-serum-retinal-liposome-2-black-ginseng-2pcs-bundle/info.html/pid.1137983459"
"2026-09-04","237","1119539751","PINKFLASH","Waterproof Easy Eyeliner - 2 Colors","USD","1.92","US$ 1.92","3.2","US$ 3.20","#238","2381","https://www.yesstyle.com/en/pinkflash-waterproof-easy-eyeliner-2-colors/info.html/pid.1119539751"
"2026-09-04","238","1137266750","Anua","Invisible Matte Finish Sunscreen Kpop Demon Hunters Collaboration","USD","12","US$ 12.00","22","US$ 22.00","#239","853","https://www.yesstyle.com/en/anua-invisible-matte-finish-sunscreen-kpop-demon-hunters-collaboration/info.html/pid.1137266750"
"2026-09-04","239","1129356821","SKIN1004","Madagascar Centella Tea-Trica Soothing Sun Milk","USD","10","US$ 10.00","15.2","US$ 15.20","#240","2335","https://www.yesstyle.com/en/skin1004-madagascar-centella-tea-trica-soothing-sun-milk-50ml/info.html/pid.1129356821"
"2026-09-04","240","1123929135","Shiseido","Tsubaki Premium EX Repair Hair Mask","USD","12.88","US$ 12.88","16.1","US$ 16.10","#241","6502","https://www.yesstyle.com/en/shiseido-tsubaki-premium-ex-repair-hair-mask/info.html/pid.1123929135"
"2026-09-04","241","1137477620","Arencia","Vitamin C Booster Shot Mini","USD","9","US$ 9.00","10","US$ 10.00","#242","535","https://www.yesstyle.com/en/arencia-vitamin-c-booster-shot-mini-10ml/info.html/pid.1137477620"
"2026-09-04","242","1137362924","Abib","PDRN Volume Fill-it Booster Crème 2.5 Tube","USD","19.6","US$ 19.60","28","US$ 28.00","#243","854","https://www.yesstyle.com/en/abib-pdrn-volume-fill/info.html/pid.1137362924"
"2026-09-04","243","1113888114","SKIN1004","Madagascar Centella Tea-Trica Relief Ampoule","USD","15","US$ 15.00","23.4","US$ 23.40","#244","3856","https://www.yesstyle.com/en/skin1004-madagascar-centella-tea-trica-relief-ampoule-100ml/info.html/pid.1113888114"
"2026-09-04","244","1130946338","celimax","The Vita-A Retinol Shot Tightening Serum","USD","24.3","US$ 24.30","27","US$ 27.00","#245","3786","https://www.yesstyle.com/en/celimax-the-vita-a-retinol-shot-tightening-serum-30ml/info.html/pid.1130946338"
"2026-09-04","245","1137018931","COSRX","Advanced The Vitamin C 23 Serum","USD","20","US$ 20.00","25","US$ 25.00","#246","3198","https://www.yesstyle.com/en/cosrx-advanced-the-vitamin-c-23-serum-20g/info.html/pid.1137018931"
"2026-09-04","246","1136118673","Beauty of Joseon","Bundle: Revive Eye Serum 30ml + 10ml","USD","13.98","US$ 13.98","23.3","US$ 23.30","#247","17338","https://www.yesstyle.com/en/beauty-of-joseon-bundle-revive-eye-serum-30ml-10ml-2-pcs/info.html/pid.1136118673"
"2026-09-04","247","1135841092","Heart Percent","Dote on Mood Lip Pencil - 23 Colors","USD","12.59","US$ 12.59","13.99","US$ 13.99","#248","938","https://www.yesstyle.com/en/heart-percent-dote-on-mood-lip-pencil-23-colors-01-peach-beige/info.html/pid.1135841092"
"2026-09-04","248","1137473930","Dr.Melaxin","Calcium Volume Multi Balm","USD","23","US$ 23.00","38.4","US$ 38.40","#249","1284","https://www.yesstyle.com/en/dr-melaxin-calcium-volume-multi-balm-9g/info.html/pid.1137473930"
"2026-09-04","249","1131506971","Anua","3 Ceramide Panthenol Moisture Barrier Cream","USD","20","US$ 20.00","0","","#250","1393","https://www.yesstyle.com/en/anua-3-ceramide-panthenol-moisture-barrier-cream-100ml/info.html/pid.1131506971"
"2026-09-04","250","1133085504","mixsoon","9-Step Trial Kit","USD","1.99","US$ 1.99","4.43","US$ 4.43","#251","1223","https://www.yesstyle.com/en/mixsoon-9-step-trial-kit-9-pcs/info.html/pid.1133085504"
"2026-09-04","251","1137490008","Dr.Melaxin","Calcium Dark Spot Cover Eye Cream","USD","24","US$ 24.00","40","US$ 40.00","#252","248","https://www.yesstyle.com/en/dr-melaxin-calcium-dark-spot-cover-eye-cream-15g/info.html/pid.1137490008"
"2026-09-04","252","1137962213","Purito SEOUL","Oat-In Calming Gel Cream 2pcs Bundle Set","USD","26.03","US$ 26.03","39","US$ 39.00","#253","0","https://www.yesstyle.com/en/purito-seoul-oat-in-calming-gel-cream-2pcs-bundle-set-100ml-x-2-pcs/info.html/pid.1137962213"
"2026-09-04","253","1052987428","BBIA","Ready To Wear Downy Cheek - 12 Colors","USD","5.04","US$ 5.04","8.4","US$ 8.40","#254","647","https://www.yesstyle.com/en/bbia-ready-to-wear-downy-cheek-12-colors-06-downy-fig/info.html/pid.1052987428"
"2026-09-04","254","1135248571","d'Alba","White Truffle First Spray Serum","USD","22","US$ 22.00","26.7","US$ 26.70","#255","977","https://www.yesstyle.com/en/dalba-white-truffle-first-spray-serum-100ml/info.html/pid.1135248571"
"2026-09-04","255","1134243065","LuxeFlutter","Glue-free Multipack False Eyelashes Cluster (Various Designs)","USD","4","US$ 4.00","0","","#256","547","https://www.yesstyle.com/en/luxeflutter-glue-free-multipack-false-eyelashes-cluster-various-designs/info.html/pid.1134243065"
"2026-09-04","256","1134988727","SKINFOOD","Cica Clear Spot Patch","USD","4.15","US$ 4.15","8.3","US$ 8.30","#257","812","https://www.yesstyle.com/en/skinfood-cica-clear-spot-patch-25-patches-x-4-sheets/info.html/pid.1134988727"
"2026-09-04","257","1104982337","ETUDE","Fixing Tint - 19 Colors","USD","8.4","US$ 8.40","12","US$ 12.00","#258","7072","https://www.yesstyle.com/en/etude-fixing-tint-19-colors-12-salmon-brick/info.html/pid.1104982337"
"2026-09-04","258","1137029989","AXIS-Y","YesStyle Exclusive Dark Spot Correcting Glow Serum 20ml","USD","4.49","US$ 4.49","6.9","US$ 6.90","#259","567","https://www.yesstyle.com/en/axis-y-yesstyle-exclusive-dark-spot-correcting-glow-serum-20ml-20ml/info.html/pid.1137029989"
"2026-09-04","259","1136148776","numbuzin","No.5 Glutathione TXA Advanced Dark Spot Ampoule Concentrate","USD","19.2","US$ 19.20","24","US$ 24.00","#260","1158","https://www.yesstyle.com/en/numbuzin-no-5-glutathione-txa-advanced-dark-spot-ampoule-concentrate/info.html/pid.1136148776"
"2026-09-04","260","1131466225","OUT-OF-OFFICE","Contour & Highlight Duo Pencil - 5 Shades","USD","7.53","US$ 7.53","9.41","US$ 9.41","#261","843","https://www.yesstyle.com/en/out-of-office-contour-highlight-duo-pencil-5-shades-y00-natural-cement/info.html/pid.1131466225"
"2026-09-04","261","1115860720","UNLEASHIA","Shaper Pomade Eyebrow Fixer","USD","13","US$ 13.00","14","US$ 14.00","#262","2864","https://www.yesstyle.com/en/unleashia-shaper-pomade-eyebrow-fixer-8-5g/info.html/pid.1115860720"
"2026-09-04","262","1137960612","Anua","PDRN Hyaluronic Acid 100 Moisturizing Cream 2pcs Bundle Set","USD","34.56","US$ 34.56","48","US$ 48.00","#263","0","https://www.yesstyle.com/en/anua-pdrn-hyaluronic-acid-100-moisturizing-cream-2pcs-bundle-set-60ml/info.html/pid.1137960612"
"2026-09-04","263","1136820561","HYNTOOR","Tipsy Nude Series Multi-Use Cream Blush - 14 Colors","USD","7.68","US$ 7.68","9.6","US$ 9.60","#264","301","https://www.yesstyle.com/en/hyntoor-tipsy-nude-series-multi-use-cream-blush-14-colors-nu01-3g/info.html/pid.1136820561"
"2026-09-04","264","1136733342","Purito SEOUL","Hypochlorous Acid Rescue Spray","USD","13.3","US$ 13.30","19","US$ 19.00","#265","558","https://www.yesstyle.com/en/purito-seoul-hypochlorous-acid-rescue-spray-100ml/info.html/pid.1136733342"
"2026-09-04","265","1120140062","The Saem","Cover Perfection Triple Pot Concealer - 11 Types","USD","10.32","US$ 10.32","12.9","US$ 12.90","#266","4741","https://www.yesstyle.com/en/the-saem-cover-perfection-triple-pot-concealer-11-types-05-dark-up/info.html/pid.1120140062"
"2026-09-04","266","1129872751","2aN","Pure Glash Highlighter - 15 Colors","USD","9.6","US$ 9.60","12","US$ 12.00","#267","1303","https://www.yesstyle.com/en/2an-pure-glash-highlighter-15-colors-nd02-clear/info.html/pid.1129872751"
"2026-09-04","267","1103053933","ETUDE","Drawing Eyebrow - 7 Colors","USD","3","US$ 3.00","4.3","US$ 4.30","#268","13199","https://www.yesstyle.com/en/etude-drawing-eyebrow-7-colors-07-light-brown/info.html/pid.1103053933"
"2026-09-04","268","1135350143","JUMISO","Niacinamide 10 Serum","USD","16.8","US$ 16.80","24","US$ 24.00","#269","963","https://www.yesstyle.com/en/jumiso-niacinamide-10-serum-40ml/info.html/pid.1135350143"
"2026-09-04","269","1077182357","SKIN1004","Madagascar Centella Toning Toner","USD","14","US$ 14.00","21.3","US$ 21.30","#270","3906","https://www.yesstyle.com/en/skin1004-madagascar-centella-toning-toner-210ml/info.html/pid.1077182357"
"2026-09-04","270","1137993682","Dr. Althea","Green Tea Fresh Sunscreen","USD","16.92","US$ 16.92","19.9","US$ 19.90","#271","1214","https://www.yesstyle.com/en/dr-althea-green-tea-fresh-sunscreen-45ml/info.html/pid.1137993682"
"2026-09-04","271","1128692848","TIRTIR","Mask Fit Make Up Fixer","USD","12","US$ 12.00","15.1","US$ 15.10","#272","4428","https://www.yesstyle.com/en/tirtir-mask-fit-make-up-fixer-80ml/info.html/pid.1128692848"
"2026-09-04","272","1129649866","S.NATURE","Aqua Squalane Moisturizing Cream","USD","19.69","US$ 19.69","28","US$ 28.00","#273","2033","https://www.yesstyle.com/en/s-nature-aqua-squalane-moisturizing-cream-60ml/info.html/pid.1129649866"
"2026-09-04","273","1128582991","EQQUALBERRY","Swimming Pool Toner 300ml","USD","19.99","US$ 19.99","27.2","US$ 27.20","#274","7011","https://www.yesstyle.com/en/eqqualberry-swimming-pool-toner-300ml-300ml/info.html/pid.1128582991"
"2026-09-04","274","1135919200","Derma: B","Everyday Sun Block","USD","15.69","US$ 15.69","22.1","US$ 22.10","#275","1615","https://www.yesstyle.com/en/derma-b-everyday-sun-block-200ml/info.html/pid.1135919200"
"2026-09-04","275","1138000508","SKIN1004","Madagascar Centella Hyalu-Cica Water-Fit Sun Serum 2pcs Bundle Set","USD","20","US$ 20.00","30.4","US$ 30.40","#276","0","https://www.yesstyle.com/en/skin1004-madagascar-centella-hyalu-cica-water-fit-sun-serum-2pcs-bundle/info.html/pid.1138000508"
"2026-09-04","276","1137764465","APLB","Glutathione Niacinamide Sunscreen Body Lotion","USD","14.7","US$ 14.70","25","US$ 25.00","#277","69","https://www.yesstyle.com/en/aplb-glutathione-niacinamide-sunscreen-body-lotion-150ml/info.html/pid.1137764465"
"2026-09-04","277","1133472811","APLB","Tranexamic Acid Niacinamide Body Lotion","USD","9.8","US$ 9.80","16.61","US$ 16.61","#278","1054","https://www.yesstyle.com/en/aplb-tranexamic-acid-niacinamide-body-lotion-300ml/info.html/pid.1133472811"
"2026-09-04","278","1137266748","Anua","Mineral Weightless Finish Sunscreen Kpop Demon Hunters Collaboration","USD","11","US$ 11.00","18","US$ 18.00","#279","462","https://www.yesstyle.com/en/anua-mineral-weightless-finish-sunscreen-kpop-demon-hunters-collaboration/info.html/pid.1137266748"
"2026-09-04","279","1137890203","LION","Pair Acne Cream W 2pcs Bundle Set","USD","17.63","US$ 17.63","23.2","US$ 23.20","#280","0","https://www.yesstyle.com/en/lion-pair-acne-cream-w-2pcs-bundle-set/info.html/pid.1137890203"
"2026-09-04","280","1113888111","SKIN1004","Madagascar Centella Tone Brightening Tone Up Sunscreen","USD","11.76","US$ 11.76","15.8","US$ 15.80","#281","784","https://www.yesstyle.com/en/skin1004-madagascar-centella-tone-brightening-tone-up-sunscreen-50ml/info.html/pid.1113888111"
"2026-09-04","281","1103054006","ETUDE","My Lash Serum Jumbo","USD","7","US$ 7.00","10","US$ 10.00","#282","6325","https://www.yesstyle.com/en/etude-my-lash-serum-jumbo-18g/info.html/pid.1103054006"
"2026-09-04","282","1137151331","Dear, Klairs","EGF Blue Youth Activating Drop","USD","27.99","US$ 27.99","39.99","US$ 39.99","#283","242","https://www.yesstyle.com/en/dear-klairs-egf-blue-youth-activating-drop-50ml/info.html/pid.1137151331"
"2026-09-04","283","1130119226","ROUND LAB","Birch Juice Hand Cream","USD","5.57","US$ 5.57","8.5","US$ 8.50","#284","1812","https://www.yesstyle.com/en/round-lab-birch-juice-hand-cream-30ml/info.html/pid.1130119226"
"2026-09-04","284","1137219638","peripera","Mood Glowy Tint - 27 Colors","USD","11.7","US$ 11.70","13","US$ 13.00","#285","478","https://www.yesstyle.com/en/peripera-mood-glowy-tint-27-colors-01-tiny-strawberry/info.html/pid.1137219638"
"2026-09-04","285","1136586856","FULLight","FLIMEAL Protein Shake - 14 Types","USD","5.09","US$ 5.09","6.7","US$ 6.70","#286","493","https://www.yesstyle.com/en/fullight-flimeal-protein-shake-14-types-sweet-potato/info.html/pid.1136586856"
"2026-09-04","286","1134047329","medicube","PDRN Pink Peptide Eye Cream","USD","23.9","US$ 23.90","32","US$ 32.00","#287","1293","https://www.yesstyle.com/en/medicube-pdrn-pink-peptide-eye-cream-30ml/info.html/pid.1134047329"
"2026-09-04","287","1135562040","AXIS-Y","9-Step Sachet Bundle Set","USD","0.98","US$ 0.98","4.45","US$ 4.45","#288","0","https://www.yesstyle.com/en/axis-y-9-step-sachet-bundle-set-9-pcs/info.html/pid.1135562040"
"2026-09-04","288","1123768116","Rohto Mentholatum","Skin Aqua Super Moisture UV Gel SPF 50+ PA++++","USD","14.24","US$ 14.24","17.8","US$ 17.80","#289","1142","https://www.yesstyle.com/en/rohto-mentholatum-skin-aqua-super-moisture-uv-gel-spf-50-pa-165g/info.html/pid.1123768116"
"2026-09-04","289","1137048756","medicube","Kojic Acid Turmeric Body Peel Shot","USD","23.8","US$ 23.80","32","US$ 32.00","#290","282","https://www.yesstyle.com/en/medicube-kojic-acid-turmeric-body-peel-shot-280ml/info.html/pid.1137048756"
"2026-09-04","290","1136350084","Dr.Melaxin","Peel Shot Exfoliating Kojic Acid Turmeric Spray","USD","27.99","US$ 27.99","46.7","US$ 46.70","#291","978","https://www.yesstyle.com/en/dr-melaxin-peel-shot-exfoliating-kojic-acid-turmeric-spray-200ml/info.html/pid.1136350084"
"2026-09-04","291","1137051083","SKIN1004","Madagascar Centella Hyalu-Cica Water-Fit Sun Serum UV OTC Version","USD","10","US$ 10.00","15.2","US$ 15.20","#292","222","https://www.yesstyle.com/en/skin1004-madagascar-centella-hyalu-cica-water-fit-sun-serum-uv-otc/info.html/pid.1137051083"
"2026-09-04","292","1136203328","Cell Fusion C","Skin Blemish Balm Intensive - 6 Colors","USD","11.4","US$ 11.40","19","US$ 19.00","#293","1408","https://www.yesstyle.com/en/cell-fusion-c-skin-blemish-balm-intensive-6-colors-40ml/info.html/pid.1136203328"
"2026-09-04","293","1137984524","Knock,","Melt in Body Toner Mini - 5 Types","USD","14.45","US$ 14.45","17","US$ 17.00","#294","30","https://www.yesstyle.com/en/knock-melt-in-body-toner-mini-5-types-100ml/info.html/pid.1137984524"
"2026-09-04","294","1137301693","Dr.Reju-All","Advanced PDRN Rejuvenating Lip Serum","USD","13.9","US$ 13.90","20","US$ 20.00","#295","124","https://www.yesstyle.com/en/dr-reju-all-advanced-pdrn-rejuvenating-lip-serum-10ml/info.html/pid.1137301693"
"2026-09-04","295","1122272924","Shiseido","Fino Premium Touch Shampoo","USD","21.76","US$ 21.76","27.2","US$ 27.20","#296","1820","https://www.yesstyle.com/en/shiseido-fino-premium-touch-shampoo-550ml/info.html/pid.1122272924"
"2026-09-04","296","1132967390","RED CHAMBER","Haruki Multi-Purpose Radiant/Silky Cream - 20 Colors","USD","20","US$ 20.00","0","","#297","509","https://www.yesstyle.com/en/red-chamber-haruki-multi-purpose-radiant-silky-cream-20-colors-chumei/info.html/pid.1132967390"
"2026-09-04","297","1118209026","mixsoon","Centella Sun Cream","USD","10","US$ 10.00","25","US$ 25.00","#298","4353","https://www.yesstyle.com/en/mixsoon-centella-sun-cream-50g/info.html/pid.1118209026"
"2026-09-04","298","1137266754","Anua","Zero-Cast Moisturizing Finish Sunscreen Kpop Demon Hunters Collaboration","USD","11","US$ 11.00","18","US$ 18.00","#299","559","https://www.yesstyle.com/en/anua-zero-cast-moisturizing-finish-sunscreen-kpop-demon-hunters-collaboration/info.html/pid.1137266754"
"2026-09-04","299","1124603061","SKIN1004","Madagascar Centella Light Cleansing Oil Mini","USD","5","US$ 5.00","7.6","US$ 7.60","#300","2300","https://www.yesstyle.com/en/skin1004-madagascar-centella-light-cleansing-oil-mini-30ml/info.html/pid.1124603061"